{"target": 0.07772287021662469, "params": {"alpha": 0.6879337082904029, "beta": 0.5906403634166495}}