{"target": 0.07915168178480234, "params": {"hybridWeight1": 0.6836750866517823, "hybridWeight2": 0.45969038157844144, "hybridWeight3": 0.2723405593515382}}