{"target": 0.07557109356562902, "params": {"alpha": 0.5665998900513819}}