{"target": 0.08040377666321495, "params": {"alpha": 0.8493410414776321, "beta": 0.537000520182483}}