{"target": 0.07970923739753429, "params": {"alpha": 0.635089550770892}}