{"target": 0.04776570940141896, "params": {"alpha": 0.3620511581509873, "topK": 95.05693738551807}}