{"target": 0.06578744119351197, "params": {"alpha": 0.5144112995064447, "topK": 349.8089779445664}}