{"target": 0.0760800623512743, "params": {"hybrid3Alpha": 0.795087472921032, "hybrid3TopK": 464.2024671386154}}