{"target": 0.07782406658980848, "params": {"hybridWeight1": 0.9589181061336949, "hybridWeight2": 0.9940090765033647, "hybridWeight3": 0.01681978235232018}}