{"target": 0.05165050766223652, "params": {"l2_norm": 44246.36251019549, "topK": 280.32586390725896}, "datetime": {"datetime": "2020-11-18 09:52:01", "elapsed": 2105.554788, "delta": 696.086172}}