{"target": 0.052286551381465186, "params": {"l2_norm": 41476.92126107723, "topK": 56.162792510336374}}