{"target": 0.07256039311460867, "params": {"alpha": 0.45304737831676245, "beta": 0.226647894170121, "topK": 617.1565515288825}}