{"target": 0.03211915248192122, "params": {"shrink": 18.433922365003763, "topK": 363.7367954171616}, "datetime": {"datetime": "2020-11-17 18:55:43", "elapsed": 116.904666, "delta": 11.426371}}