{"target": 0.03310618393678088, "params": {"shrink": 197.2249764789872, "topK": 115.41350079713384}, "datetime": {"datetime": "2020-11-17 18:17:26", "elapsed": 167.513286, "delta": 9.607008}}