{"target": 0.0290599010397227, "params": {"shrink": 155.76129144076384, "topK": 26.79998172566107}, "datetime": {"datetime": "2020-11-17 19:30:56", "elapsed": 514.681304, "delta": 31.84613}}