{"target": 0.015590906261859197, "params": {"shrink": 2.1095070033340546, "topK": 350.8642309128451}, "datetime": {"datetime": "2020-11-17 18:59:54", "elapsed": 151.552555, "delta": 12.926599}}