{"target": 0.03042548964852111, "params": {"shrink": 44.398634217947894, "topK": 436.6588300269144}, "datetime": {"datetime": "2020-11-17 18:17:55", "elapsed": 0.0, "delta": 0.0}}