{"target": 0.0582136276818852, "params": {"alpha": 0.3942923947101138, "topK": 378.8512085517267}, "datetime": {"datetime": "2020-11-18 13:06:22", "elapsed": 139.697482, "delta": 11.041105}}