{"target": 0.036004461803325616, "params": {"alpha": 0.31616431997617533, "topK": 436.6065868157264}, "datetime": {"datetime": "2020-11-18 11:06:44", "elapsed": 177.051857, "delta": 39.103584}}