{"target": 0.06007901491346952, "params": {"alpha": 0.5011972162287313, "topK": 211.19325949126622}, "datetime": {"datetime": "2020-11-17 21:39:39", "elapsed": 221.204305, "delta": 19.356847}}