{"target": 0.0740236024788828, "params": {"cbfAlpha": 0.22083833139929948, "cbfBeta": 0.3410147700594599, "cbfTopK": 62.55380048687126, "cfAlpha": 0.5122299548809406, "cfTopK": 228.06748468452864, "hybridAlpha": 0.6798876876207675, "hybridTopK": 405.50912877319263}}