{"target": 0.031870263961084985, "params": {"num_factors": 447.5870534092882, "topK": 461.9014984758852}, "datetime": {"datetime": "2020-11-18 08:56:41", "elapsed": 570.845603, "delta": 53.70218}}