{"target": 0.03786438624683222, "params": {"alpha": 0.26520214286626453, "beta": 0.36456352256640157, "topK": 58.16144182493173}}