{"target": 0.04665925897005642, "params": {"alpha": 0.6239119993485118, "beta": 0.104226151527444, "topK": 371.3931151746898}, "datetime": {"datetime": "2020-11-18 10:24:53", "elapsed": 238.440079, "delta": 22.064769}}