{"target": 0.06775289903062685, "params": {"cbfAlpha": 0.24801619885998336, "cbfBeta": 0.3284782391180823, "cbfTopK": 91.04525456305382, "cfAlpha": 0.48444117676637544, "cfTopK": 225.96407859227665, "hybridAlpha": 0.4953011972361343, "hybridTopK": 95.87044758538485}}