{"target": 0.0770650318847924, "params": {"cbfAlpha": 0.2879937031201279, "cbfBeta": 0.32740864619922244, "cbfTopK": 47.28115171729462, "cfAlpha": 0.4707255952913554, "cfTopK": 222.57575817758968, "hybridAlpha": 0.5638702481516361, "hybridTopK": 303.9653063462439}}