{"target": 0.0689530986530446, "params": {"alpha": 0.7089814408551541, "topKBest25": 456.1581659028616}}