{"target": 0.07057530547654631, "params": {"hybridAlpha": 0.6276002369916254}}