{"target": 0.035588243006922884, "params": {"num_factors": 771.9537188909144, "topK": 598.5049775587898}}