{"target": 0.04046519252228897, "params": {"num_factors": 956.0556918051017, "topK": 598.1086766441383}}