{"target": 0.06934664778799607, "params": {"alpha": 0.26581911753550724, "beta": 0.2846858806413638, "topK": 252.1529234642725}}