{"target": 0.06772024203936262, "params": {"alpha": 0.6436402193909941, "beta": 0.5094750943074225, "topK": 200.92489481116792}}