{"target": 0.07746647080970934, "params": {"alpha": 0.9049320776860861}}