{"target": 0.0741050395939696, "params": {"alpha": 0.45304737831676245, "beta": 0.226647894170121, "topK": 529.1628484087545}}