{"target": 0.07067785496174202, "params": {"alpha": 0.4870483087001483, "beta": 0.292274961394567, "topK": 701.5499487727105}}