{"target": 0.07379124506087878, "params": {"alpha": 0.5520195513742172, "beta": 0.29465075231425697, "topK": 727.8275475222621}}