{"target": 0.06526440099825229, "params": {"alpha": 0.3620511581509873, "beta": 0.21533144052273637, "topK": 107.71158810874789}}