{"target": 0.08119777274416488, "params": {"alpha": 0.40834784086911863, "beta": 0.23615456234054644, "topK": 530.83605971477}}