{"target": 0.0803451846837132, "params": {"hybridAlpha": 0.18066181829011613, "hybridTopK": 389.5749754064441, "knnShrink": 274.76320677605406, "knnTopK": 992.2206163930259, "rp3betaAlpha": 0.43715126153280076, "rp3betaBeta": 0.20123694116003576, "rp3betaTopK": 585.9706886988191}}