{"target": 0.07448364909815013, "params": {"hybridAlpha": 0.15702132521483653, "hybridTopK": 404.2387962607092, "knnShrink": 82.9225776290321, "knnTopK": 867.2202806636235, "rp3betaAlpha": 0.4253517358048179, "rp3betaBeta": 0.295617764594267, "rp3betaTopK": 563.4838419798199}}