{"target": 0.07664199246611957, "params": {"hybrid1Alpha": 0.5055285459222567, "hybrid1TopK": 733.752927621878, "hybrid2Alpha": 0.6771363023005504, "hybrid2TopK": 469.67127001068013, "hybrid3Alpha": 0.9028123917293933, "hybrid3TopK": 579.1996105006932, "hybrid4Alpha": 0.5983270667857046, "hybrid4TopK": 482.47494624086073}}