{"target": 0.08122579531358877, "params": {"hybrid1Alpha": 0.6015159903939085, "hybrid1TopK": 700.2871725634261, "hybrid2Alpha": 0.6862162274582426, "hybrid2TopK": 343.7363458915313, "hybrid3Alpha": 0.9230664112253826, "hybrid3TopK": 515.0749330118305, "hybrid4Alpha": 0.8168582386453352, "hybrid4TopK": 900.0356893085045}}