{"target": 0.0721254948558692, "params": {"hybrid1Alpha": 0.5479200839179512, "hybrid1TopK": 725.2251651408158, "hybrid2Alpha": 0.6137453754315466, "hybrid2TopK": 497.73913463467255, "hybrid3Alpha": 0.7544056871377216, "hybrid3TopK": 501.3131158958155, "hybrid4Alpha": 0.6162225526206547, "hybrid4TopK": 479.46922161562503}}