{"target": 0.044967791460024345, "params": {"n_iter": 1.1200787302224073, "num_factors": 779.708411480936}}