{"target": 0.040693634369156365, "params": {"num_factors": 797.2029751977884, "topK": 552.4106174487545}}