{"target": 0.07225121477162294, "params": {"alpha": 0.45784812319460777, "beta": 0.1220227707821568, "topK": 174.59682652386425}}