{"target": 0.058691297058112525, "params": {"l2_norm": 35593.253923537, "topK": 74.83227482657983}}