{"target": 0.0639861686449875, "params": {"alpha": 0.666020980233597, "topKWorst25": 404.7903587236113}}