{"target": 0.08362362298598916, "params": {"alpha": 0.7046910650084913, "topKNormal": 496.816963887007}}