{"target": 0.07284995179301805, "params": {"alpha": 0.3849432216465411, "topK": 263.50803895653786}, "datetime": {"datetime": "2020-11-17 22:29:13", "elapsed": 268.370607, "delta": 9.085722}}