{"target": 0.03262020365969914, "params": {"shrink": 151.87563812603628, "topK": 37.93500498109938}, "datetime": {"datetime": "2020-11-17 19:17:07", "elapsed": 407.357924, "delta": 31.465804}}