{"target": 0.021287250245356434, "params": {"shrink": 74.57516279469235, "topK": 47.689274092418835}, "datetime": {"datetime": "2020-11-17 18:35:48", "elapsed": 210.732372, "delta": 10.448567}}