{"target": 0.02035535098155538, "params": {"shrink": 93.90901973649575, "topK": 11.692706691980131}, "datetime": {"datetime": "2020-11-17 18:27:09", "elapsed": 144.970158, "delta": 10.21758}}