{"target": 0.011671881496981463, "params": {"shrink": 47.961062151261594, "topK": 469.0921304731475}, "datetime": {"datetime": "2020-11-17 19:05:39", "elapsed": 240.109468, "delta": 13.190953}}