{"target": 0.03211915248192122, "params": {"shrink": 18.433922365003763, "topK": 363.7367954171616}, "datetime": {"datetime": "2020-11-17 18:48:30", "elapsed": 114.358409, "delta": 11.003053}}