{"target": 0.02113439051253892, "params": {"shrink": 199.69014311177878, "topK": 61.31018934001557}, "datetime": {"datetime": "2020-11-17 18:30:37", "elapsed": 127.352714, "delta": 11.327279}}