{"target": 0.0289022960368754, "params": {"shrink": 143.48717500312475, "topK": 31.472133456571616}, "datetime": {"datetime": "2020-11-17 19:43:42", "elapsed": 547.288705, "delta": 31.68098}}