{"target": 0.029261094569173033, "params": {"shrink": 114.79036221245423, "topK": 373.8209364423225}, "datetime": {"datetime": "2020-11-17 18:24:21", "elapsed": 182.384327, "delta": 10.493597}}