{"target": 0.01187863906425849, "params": {"shrink": 126.02423593944592, "topK": 295.0711058882739}, "datetime": {"datetime": "2020-11-17 19:07:49", "elapsed": 117.172904, "delta": 11.916779}}