{"target": 0.07192096290473717, "params": {"cbfAlpha": 0.5, "cbfBeta": 0.3, "cbfTopK": 539.1371470169497, "cfAlpha": 0.45, "cfTopK": 210.0, "hybridAlpha": 0.1, "hybridTopK": 950.8753256096436}}