{"target": 0.06817285684923448, "params": {"cbfAlpha": 0.41753274557496695, "cbfBeta": 0.2344960487580402, "cbfTopK": 535.7170978875253, "cfAlpha": 0.45, "cfTopK": 210.1598221537848, "hybridAlpha": 0.1, "hybridTopK": 481.27400063966275}}