{"target": 0.08302043550225469, "params": {"cbfAlpha": 0.4227727007111746, "cbfBeta": 0.23482852065641355, "cbfTopK": 515.6809872778197, "cfAlpha": 0.5059173017438977, "cfTopK": 228.70418042676988, "hybridAlpha": 0.13589376902040495, "hybridTopK": 456.01195211245283}}