{"target": 0.06147552963261584, "params": {"alpha": 0.00026894910579512645, "l1_ratio": 0.08074126876487486, "topK": 395.376118479588}}