{"target": 0.056342, "params": {"alpha": 0.000490, "l1_ratio": 0.02911, "topK": 178}}