{"target": 0.06166508294299661, "params": {"alpha": 0.57994335729999, "topK": 326.3247498672536}}