{"target": 0.07911542572536061, "params": {"hybridWeight1": 0.5515927662083718, "hybridWeight2": 0.33515078397927905}}