{"target": 0.07866790459310621, "params": {"hybridWeight1": 0.5098834250166213, "hybridWeight2": 0.08747428195483342}}