{"target": 0.07230232797127178, "params": {"cbfAlpha": 0.46039841410962834, "cbfBeta": 0.27485758105548175, "cbfTopK": 575.5863831260614, "cfNum_factors": 898.7008015865334, "cfTopK": 543.6995562680198, "hybridAlpha": 0.4405098668279893, "hybridTopK": 556.7659876187372}}