{"target": 0.07427006814132524, "params": {"cbfAlpha": 0.433952420628878, "cbfBeta": 0.2841235020208509, "cbfTopK": 594.1600321907241, "cfNum_factors": 861.5668035939495, "cfTopK": 510.2844846084939, "hybridAlpha": 0.44186345774732416, "hybridTopK": 588.3852835010409}}