{"target": 0.06508120646698433, "params": {"cbfAlpha": 0.40511428031013474, "cbfBeta": 0.2188667735793108, "cbfTopK": 536.5477767912165, "cfNum_factors": 748.8581733915817, "cfTopK": 659.0174945842064, "hybridAlpha": 0.38167594861309484, "hybridTopK": 834.1522098578713}}