{"target": 0.08130554937490879, "params": {"cbfAlpha": 0.4577662858129756, "cbfBeta": 0.20016421727160455, "cbfTopK": 551.5472611905393, "cfNum_factors": 827.9590352261714, "cfTopK": 697.1248805608377, "hybridAlpha": 0.3072780771288846, "hybridTopK": 1045.2209819891025}}