{"target": 0.05613776335581542, "params": {"shrink": 153.89812420570337, "topK": 315.02015125778524}}