{"target": 0.03776703932437931, "params": {"shrink": 10.240451719798456, "topK": 597.4976621435064}}