{"target": 0.057487999068867465, "params": {"shrink": 52.1787025070505, "topK": 523.732060644652}}