{"target": 0.057834197937028084, "params": {"shrink": 52.1787025070505, "topK": 523.732060644652}}