{"target": 0.0355080764985917, "params": {"shrink": 49.276639514491016, "topK": 551.9804356833737}}