{"target": 0.05477140489734818, "params": {"shrink": 118.6760397018541, "topK": 269.1398783855312}}