{"target": 0.05731669192455139, "params": {"shrink": 52.1787025070505, "topK": 523.732060644652}}