{"target": 0.0590343648836323, "params": {"shrink": 52.1787025070505, "topK": 523.732060644652}}