{"target": 0.060350360524610916, "params": {"shrink": 52.1787025070505, "topK": 523.732060644652}}