{"target": 0.03239691953756705, "params": {"shrink": 52.1787025070505, "topK": 523.732060644652}}