{"target": 0.034614737556275164, "params": {"shrink": 52.1787025070505, "topK": 523.732060644652}}