{"target": 0.03756274255737031, "params": {"shrink": 102.79812587101753, "topK": 370.928879112561}}