{"target": 0.03706150333085605, "params": {"shrink": 52.1787025070505, "topK": 523.732060644652}}