{"target": 0.05815573258775859, "params": {"shrink": 66.39209529948218, "topK": 120.75552491013846}}