{"target": 0.05816558834696056, "params": {"shrink": 97.74830098543849, "topK": 140.4512431265163}}