{"target": 0.03498999131368137, "params": {"shrink": 67.62010031817809, "topK": 550.5498352974221}}