{"target": 0.03289389464944022, "params": {"shrink": 52.1787025070505, "topK": 523.732060644652}}