{"target": 0.03552335065041194, "params": {"shrink": 71.1210089437173, "topK": 556.2788566894495}}