{"target": 0.03576725021345517, "params": {"shrink": 155.52249273125994, "topK": 315.8666128450365}}