{"target": 0.03502230266817348, "params": {"shrink": 199.79721814960197, "topK": 594.0443972932196}}