{"target": 0.057852256284231754, "params": {"shrink": 67.6927902822921, "topK": 119.50338740667782}}