{"target": 0.058418348279098996, "params": {"shrink": 67.6927902822921, "topK": 119.50338740667782}}