{"target": 0.05679180993709112, "params": {"shrink": 67.6927902822921, "topK": 119.50338740667782}}