{"target": 0.0357607455759677, "params": {"shrink": 155.52249273125994, "topK": 315.8666128450365}}