{"target": 0.0758093965124502, "params": {"hybrid3Alpha": 0.9872117803259601, "userAlpha": 0.22461772105882039, "userBeta": 0.36690789801226764, "userTopK": 132.28674167663615}}