{"target": 0.07614131978581917, "params": {"weight1": 0.5589288530124504, "weight2": 1.0, "weight3": 0.35764451026944605, "weight4": 0.0, "weight5": 0.5890445486165762, "weight6": 0.0}}