{"target": 0.07239864097926083, "params": {"weight1": 0.4597823868311807, "weight2": 1.0, "weight3": 0.2899102541953574, "weight4": 0.0, "weight5": 0.7464444626983836, "weight6": 0.0}}