{"target": 0.08268793017750915, "params": {"weight1": 0.4701351707705217, "weight2": 1.0, "weight3": 0.2583803590564181, "weight4": 0.21469966772858579, "weight5": 0.0, "weight6": 0.0}}