{"target": 0.07014890573220317, "params": {"alpha": 0.5268549248047367, "topK": 369.652088074446}}