{"target": 0.07118085946460498, "params": {"alpha": 0.4927833079429683, "topK": 228.61975519061758}}