{"target": 0.08009910143046264, "params": {"hybrid1Alpha": 0.10032843454320906, "hybrid1TopK": 262.5815798336428, "hybrid2Alpha": 0.6118361409046857, "hybrid2TopK": 591.5183976544714}}