{"target": 0.0670226036849717, "params": {"cbfAlpha": 0.2750655963368463, "cbfBeta": 0.3960264826008183, "cbfTopK": 96.73904692551439, "cfAlpha": 0.44439575395102104, "cfTopK": 293.0778984028895, "featureCombinedAlpha": 0.41644368496993245, "featureCombinedBeta": 0.2049572580401778, "featureCombinedTopK": 540.0710693086694, "hybrid1Alpha": 0.2537111975219729, "hybrid1TopK": 438.72268281965063, "hybrid2Alpha": 0.548155290886417, "hybrid2TopK": 200.81514625813443}}