{"target": 0.07516675826587407, "params": {"hybrid1Alpha": 0.49072895103586334, "hybrid1TopK": 615.6264242736193, "hybrid2Alpha": 0.7127262851842525, "hybrid2TopK": 523.2338079942139}}