{"target": 0.07194718796446528, "params": {"hybrid1Alpha": 0.18284700381621027, "hybrid1TopK": 303.1191334063115, "hybrid2Alpha": 0.6030303271035866, "hybrid2TopK": 584.0394320876496}}