{"target": 0.07298019739689768, "params": {"cbfAlpha": 0.2917758617838073, "cbfBeta": 0.37859604027785443, "cbfTopK": 26.90608937532708, "cfAlpha": 0.46414816758431743, "cfTopK": 213.54619070603928, "featureCombinedAlpha": 0.5345797085064941, "featureCombinedBeta": 0.3486046021722241, "featureCombinedTopK": 530.9013571436698, "hybrid1Alpha": 0.11181868876859612, "hybrid1TopK": 951.5418622191835, "hybrid2Alpha": 0.8968441524419402, "hybrid2TopK": 125.71696860811113}}