{"target": 0.0625349933782147, "params": {"hybrid1Alpha": 0.18284700381621027, "hybrid1TopK": 184.6871603128523, "hybrid2Alpha": 0.6030303271035866, "hybrid2TopK": 584.0394320876496}}