{"target": 0.07250803319147309, "params": {"cbfAlpha": 0.27423103039931473, "cbfBeta": 0.3597386244734226, "cbfTopK": 43.37764898070858, "cfAlpha": 0.4886134292827952, "cfTopK": 222.02720261195134, "featureCombinedAlpha": 0.5248915119179456, "featureCombinedBeta": 0.33066296651536664, "featureCombinedTopK": 519.6567829794362, "hybrid1Alpha": 0.7116821201552442, "hybrid1TopK": 595.0381738457601, "hybrid2Alpha": 0.8803673688833127, "hybrid2TopK": 394.4102181569192}}