{"target": 0.0754254410215179, "params": {"hybrid1Alpha": 0.27483440401180403, "hybrid1TopK": 716.6009551049622, "hybrid2Alpha": 0.4696664849381693, "hybrid2TopK": 377.8835729089127, "hybrid3Alpha": 0.9382420933421521, "hybrid3TopK": 1257.0774027990587, "knnShrink": 144.16057668433857, "knnTopK": 145.51024199767357}}