{"target": 0.00021231338065114306, "params": {"num_factors": 183.56022570929989}}