{"target": 0.04124107630387398, "params": {"hybridAlpha": 0.7840402085259459, "hybridTopK": 151.05005553132884, "knnShrink": 71.75243076787555, "knnTopK": 331.43096165430825, "rp3betaAlpha": 0.29291010682133417, "rp3betaBeta": 0.3734484673184519, "rp3betaTopK": 12.7845848034107}}