{"target": 0.035472739626829806, "params": {"hybridAlpha": 0.2792778256611439, "hybridTopK": 93.09185405248698, "knnShrink": 536.3415695869685, "knnTopK": 669.5159068578721, "rp3betaAlpha": 0.26212887664384876, "rp3betaBeta": 0.3702349000800228, "rp3betaTopK": 757.0556801420452}}