{"target": 0.03818633278065521, "params": {"hybridAlpha": 0.20811612527560702, "hybridTopK": 51.40175677271884, "knnShrink": 43.7244716039922, "knnTopK": 168.30801290189976, "rp3betaAlpha": 0.22468311228313978, "rp3betaBeta": 0.3704844314106612, "rp3betaTopK": 76.45506170786767}}