{"target": 0.03966543933123769, "params": {"hybridAlpha": 0.4382150788153475, "hybridTopK": 70.81930271794644, "knnShrink": 14.814622090152284, "knnTopK": 109.07014200441373, "rp3betaAlpha": 0.25613290075983275, "rp3betaBeta": 0.3313477226781959, "rp3betaTopK": 34.70988704265211}}