{"target": 0.07528713481237595, "params": {"gamma": 0.4443439790958872}}