{"target": 0.07807488093725515, "params": {"gamma": 0.980479953160615}}