{"target": 0.05011637562378367, "params": {"shrink": 99.05541346060916, "topK": 638.0073383010431}}