{"target": 0.01922397627091966, "params": {"shrink": 163.06120321914116, "topK": 511.55893590630313}}