{"target": 0.03317999434894592, "params": {"shrink": 42.471478535587195, "topK": 871.6083706707379}}