{"target": 0.037702140511456456, "params": {"shrink": 199.76747040523685, "topK": 56.31554549789179}}