{"target": 0.03585383744206733, "params": {"shrink": 192.90393686465274, "topK": 13.323784456528323}}