{"target": 0.072849768139666, "params": {"epochs": 93.79918473084837, "factors": 499.80816727171697, "icm_alpha": 50.90934461720564, "urm_alpha": 52.40071020648713}}