{"target": 0.0697842809225292, "params": {"epochs": 68.60656258151387, "factors": 250.0, "icm_alpha": 44.147654939191355, "urm_alpha": 50.0}}