{"target": 0.07510140764303577, "params": {"epochs": 94.22855449116447, "factors": 398.601583855084, "icm_alpha": 41.72067133975204, "urm_alpha": 42.07374324671451}}