{"target": 0.0737314618276246, "params": {"epochs": 42.651507491138844, "factors": 250.0, "icm_alpha": 50.0, "urm_alpha": 50.0}}