{"target": 0.08136351656171995, "params": {"epochs": 68.89050638286054, "factors": 499.2403323214083, "icm_alpha": 69.65885645166802, "urm_alpha": 33.514922825932814}}