{"target": 0.03806481868036679, "params": {"epochs": 100.0, "factors": 30.0, "icm_alpha": 18.192838560368862, "urm_alpha": 50.0}}