{"target": 0.057751713028561934, "params": {"alpha": 50.0, "epochs": 10.0, "factors": 188.56989379722654}}