{"target": 0.057, "params": {"batch_size": 393.93324941229486, "epochs": 39.54,"lambda_i": 0.004419, "lambda_j": 0.001592, "topK": 891.9 }}