{"target": 0.05270025952020112, "params": {"batch_size": 548.6615810947892, "epochs": 98.33218638454095, "lambda_i": 0.0039954585909894764, "lambda_j": 0.008139187451093313, "topK": 591.8108481752299}}