{"target": 0.05171111168075339, "params": {"batch_size": 393.93324941229486, "lambda_i": 0.0018853350743259039, "lambda_j": 0.0008166052749611, "topK": 764.596266579073}}