{"target": 0.028356780355162474, "params": {"shrink": 41.34383106788528, "topK": 919.4247988585423}}