{"target": 0.01574910817214171, "params": {"shrink": 153.88596274159215, "topK": 521.7268489172952}}