{"target": 0.023534241802633575, "params": {"shrink": 12.98792808108782, "topK": 268.84582524557527}}