{"target": 0.029272018290396756, "params": {"shrink": 153.1815712960631, "topK": 523.2338079942139}}