{"target": 0.015724792469751163, "params": {"shrink": 146.00927651905386, "topK": 511.4659675882829}}