{"target": 0.03640690200916089, "params": {"shrink": 170.44461324796004, "topK": 547.7565987745866}}