{"target": 0.060524175882508566, "params": {"shrink": 41.34383106788528, "topK": 919.4247988585423}}