{"target": 0.02532018164610364, "params": {"shrink": 19.194938240340864, "topK": 125.97731151060574}}