{"target": 0.026675622971871333, "params": {"shrink": 0.1687853617323931, "topK": 344.1385627029635}}