{"target": 0.02413771315006719, "params": {"shrink": 1.3671964040925078, "topK": 112.9096181414635}}