{"target": 0.045409405064314, "params": {"shrink": 96.8768252890133, "topK": 232.6038045717653}}