{"target": 0.05820942040263345, "params": {"shrink": 105.01792222189749, "topK": 96.92373720055836}}