{"target": 0.07175264547497975, "params": {"shrink": 41.34383106788528, "topK": 919.4247988585423}}