{"target": 0.06675212613518008, "params": {"shrink": 153.1815712960631, "topK": 523.2338079942139}}