{"target": 0.04529965085416836, "params": {"shrink": 87.72716247647709, "topK": 325.9895622237024}}