{"target": 0.060554380030180724, "params": {"shrink": 199.50370418453858, "topK": 712.4333963758394}}