{"target": 0.024463823433299472, "params": {"shrink": 0.7384855730514728, "topK": 13.850518962589504}}