{"target": 0.03682475274014917, "params": {"shrink": 59.36010031524439, "topK": 195.8440163746391}}