{"target": 0.03301192635585683, "params": {"shrink": 198.39009245474557, "topK": 615.7873024125685}}