{"target": 0.057216976613888526, "params": {"shrink": 191.3829100664592, "topK": 434.42585903384105}}