{"target": 0.03048669938761635, "params": {"shrink": 44.398634217947894, "topK": 872.0249831156026}}