{"target": 0.0683795617523859, "params": {"shrink": 44.398634217947894, "topK": 872.0249831156026}}