{"target": 0.06194331181284405, "params": {"shrink": 41.34383106788528, "topK": 919.4247988585423}}