{"target": 0.03206673176958769, "params": {"shrink": 2.9666700521024936, "topK": 199.3043305354673}}