{"target": 0.0727850226775738, "params": {"hybrid1Alpha": 0.8679722829636877, "hybrid1TopK": 352.15752714962434}}