{"target": 0.05798596940943138, "params": {"alpha": 0.3800881317888275, "beta": 0.568156904972894, "topK": 141.44335642554498}}