{"target": 0.06004982609514579, "params": {"alpha": 0.34942741182485626, "beta": 0.5381272103966592, "topK": 218.06232565392185}}