{"target": 0.07615313573642205, "params": {"gamma": 0.8709929875597509}}